tx_time,ack_time,latency_ms,jitter_ms
10.155918862,10.172631947,16.71308499999924,
10.178806924,10.180441193,1.634269000000188,15.078815999999051
10.286634593,10.287505655,0.871061999999867,0.763207000000321
10.3930757,10.394408161,1.3324609999987302,0.46139899999886325
10.502730322,10.503772275,1.0419529999996513,0.29050799999907895
10.611408925,10.612055353,0.6464280000013645,0.39552499999828683
10.719104495,10.719923028,0.8185330000003432,0.17210499999897877
10.832790675,10.833338958,0.5482830000005379,0.27024999999980537
11.103357303,11.104245086,0.8877830000013631,0.33950000000082525
11.231527047,11.232453944,0.9268969999993715,0.03911399999800835
11.365535554,11.366346452,0.8108980000010035,0.11599899999836794
11.49689597,11.497777672,0.8817019999991516,0.07080399999814802
11.644826603,11.645344449,0.5178459999992668,0.3638559999998847
11.756965317,11.758104153,1.1388359999990882,0.6209899999998214
12.299623086,12.300341089,0.7180029999993565,0.4208329999997318
13.168911245,13.169893045,0.9817999999999216,0.26379700000056516
13.270339525,13.270786527,0.44700199999958556,0.5347980000003361
13.270486211,13.270913516,0.42730500000054406,0.01969699999904151
13.376850743,13.377144336,0.29359300000031396,0.1337120000002301
13.495023658,13.495766528,0.7428700000016164,0.44927700000130244
13.4950248,13.495898046,0.8732460000011599,0.13037599999954352
13.628574001,13.628811669,0.23766799999869193,0.635578000002468
13.801868823,13.803081077,1.2122540000003568,0.9745860000016648
13.801869674,13.803239035,1.3693610000000689,0.15710699999971212
13.985867014,13.986229166,0.3621519999992273,1.0072090000008416
14.061153961,14.062170176,1.0162149999999315,0.6540630000007042
14.061286932,14.062440325,1.1533930000009462,0.13717800000101477
14.172981318,14.173276784,0.29546600000074363,0.8579270000002026
14.26818633,14.268821196,0.6348659999986239,0.3393999999978803
14.26833512,14.269092999,0.7578790000000168,0.12301300000139292
14.378647973,14.378968106,0.32013300000066636,0.4377459999993505
14.478969107,14.4795227,0.5535930000011291,0.23346000000046274
14.478969427,14.47969251,0.7230830000004573,0.16948999999932823
14.591618082,14.591955447,0.3373650000000339,0.38571800000042344
14.686957808,14.687595149,0.6373409999991253,0.2999759999990914
14.687114513,14.687796398,0.6818850000005483,0.044544000001423
14.797980368,14.798280994,0.3006260000013583,0.38125899999919
14.896174132,14.896706135,0.5320030000000031,0.2313769999986448
14.896317643,14.896856338,0.5386949999994783,0.006691999999475229
15.006176901,15.006465725,0.28882400000007635,0.249870999999402
15.107515672,15.108330768,0.8150960000001817,0.5262720000001053
15.108644008,15.108709692,0.0656839999990666,0.7494120000011151
15.225958185,15.226241449,0.2832640000001163,0.2175800000010497
15.324930166,15.325665491,0.7353250000008416,0.45206100000072524
15.359616752,15.359878575,0.26182299999888414,0.4735020000019574
15.478412911,15.478646842,0.2339310000003536,0.027891999998530537
15.57558466,15.576060096,0.4754360000003288,0.2415049999999752
15.575735965,15.576199018,0.4630530000007127,0.012382999999616118
15.688319917,15.688553878,0.23396100000105946,0.22909199999965324
15.787873525,15.788405928,0.5324029999993485,0.298441999998289
15.787873865,15.788530563,0.6566980000002332,0.12429500000088467
15.951997624,15.952309732,0.312107999999256,0.34459000000097717
16.01817291,16.018828465,0.6555549999980315,0.3434469999987755
16.018310399,16.01903784,0.7274409999986631,0.07188600000063161
16.145371774,16.145644698,0.27292400000078487,0.4545169999978782
16.286997555,16.287520841,0.5232859999999562,0.2503619999991713
16.286997886,16.287675843,0.6779569999970647,0.15467099999710854
16.397769633,16.398070971,0.3013379999998733,0.3766189999971914
16.501763708,16.502386572,0.6228640000003338,0.3215260000004605
16.501912859,16.502602128,0.6892689999986601,0.06640499999832628
16.682968015,16.683394489,0.4264740000010647,0.26279499999759537
16.761092299,16.761773422,0.6811229999996726,0.2546489999986079
16.761234697,16.762064621,0.8299240000013697,0.14880100000169705
16.876972763,16.877288138,0.31537499999956253,0.5145490000018071
16.990623747,16.991297747,0.6740000000000634,0.3586250000005009
16.990772417,16.991482735,0.7103180000029852,0.036318000002921735
17.107399308,17.107664889,0.26558099999718365,0.4447370000058015
17.215758269,17.21650691,0.7486410000012711,0.48306000000408744
17.215905386,17.216682881,0.7774950000012382,0.028853999999967073
17.339996985,17.340227619,0.23063400000111756,0.5468610000001206
17.573134468,17.573873411,0.7389430000017683,0.5083090000006507
17.57327878,17.574117921,0.8391410000001542,0.10019799999838597
17.687003202,17.687445205,0.4420029999998576,0.39713800000029664
17.795994654,17.796718368,0.7237139999993758,0.2817109999995182
17.795995055,17.79682025,0.825195000000889,0.10148100000151317
17.909486017,17.90977961,0.2935930000020903,0.5316019999987986
18.02096634,18.021834526,0.8681859999981612,0.5745929999960708
18.02111486,18.022020747,0.9058869999982733,0.03770100000011212
18.182019492,18.182357549,0.3380570000004468,0.5678299999978265
18.292028842,18.292798793,0.7699509999987697,0.4318939999983229
18.292029283,18.29304624,1.016956999997376,0.24700599999860628
18.445298677,18.445727004,0.42832699999806323,0.5886299999993128
18.541382265,18.542185669,0.8034039999991194,0.37507700000105615
18.541526286,18.542295686,0.769399999999365,0.03400399999975434
18.653371897,18.65370273,0.33083299999958626,0.4385669999997788
18.96994848,18.971016222,1.0677420000000382,0.7369090000004519
18.970096559,18.971153521,1.056961999999828,0.010780000000210066
19.082489422,19.08289709,0.4076680000011379,0.6492939999986902
19.183406398,19.184095166,0.6887679999998397,0.28109999999870183
19.183553946,19.184270086,0.7161400000015306,0.02737200000169082
19.294966822,19.295322231,0.3554090000008614,0.36073100000066916
19.391293768,19.39196897,0.6752020000000414,0.31979299999918
19.391445815,19.392151585,0.7057699999997169,0.03056799999967552
19.49996119,19.500294438,0.3332480000004523,0.3725219999992646
19.59978197,19.600438868,0.6568980000025704,0.3236500000021181
19.599920351,19.600618968,0.6986169999976255,0.04171899999505513
19.70730192,19.707744835,0.4429150000007098,0.2557019999969157
19.810503211,19.811189164,0.6859530000014047,0.24303800000069486
19.810503672,19.811360647,0.8569750000013698,0.17102199999996515
19.91831991,19.91860652,0.2866099999998539,0.5703650000015159
20.019988152,20.021166683,1.1785310000007598,0.8919210000009059
20.019989184,20.021314622,1.3254379999985133,0.14690699999775347
20.131980539,20.132301154,0.320614999999691,1.0048229999988223
20.238964659,20.239705575,0.7409159999980375,0.42030099999834647
20.23896497,20.239918837,0.9538669999997751,0.2129510000017376
20.390173389,20.390464839,0.2914499999988607,0.6624170000009144
20.471120663,20.471811866,0.6912029999988079,0.3997529999999472
20.471269734,20.471928616,0.6588819999997497,0.03232099999905813
20.581962012,20.582172178,0.21016599999867935,0.44871600000107037
20.683043969,20.683791878,0.7479090000011013,0.5377430000024219
20.683191757,20.684019077,0.8273199999990766,0.0794109999979753
20.792983638,20.793324491,0.3408530000008625,0.4864669999982141
20.895558359,20.896484995,0.9266360000026452,0.5857830000017827
20.896059914,20.896658472,0.5985580000000823,0.32807800000256293
21.007630466,21.008061599,0.43113300000285903,0.16742499999722327
21.119106391,21.119788286,0.6818949999995993,0.2507619999967403
21.11925468,21.120007569,0.7528889999974808,0.07099399999788147
21.305301012,21.305548819,0.24780699999737976,0.5050820000001011
21.32726402,21.327928833,0.6648130000002084,0.4170060000028286
21.327405727,21.328161902,0.7561750000029122,0.09136200000270378
21.439741152,21.440060073,0.31892100000163737,0.4372540000012748
21.536908101,21.537942991,1.0348899999996775,0.7159689999980401
21.537059556,21.538084748,1.0251920000001746,0.009697999999502827
21.648981552,21.649277299,0.2957470000026774,0.7294449999974972
21.747549862,21.748232328,0.6824660000006588,0.3867189999979814
21.747550172,21.748361221,0.8110489999992865,0.12858299999862766
21.85633202,21.856614793,0.28277299999857064,0.5282760000007158
21.956168891,21.956865644,0.6967529999997168,0.4139800000011462
21.956317681,21.957084777,0.767095999997025,0.0703429999973082
22.06611935,22.06642673,0.307379999998858,0.45971599999816704
22.166116273,22.16712313,1.0068570000001387,0.6994770000012807
22.166259212,22.167259397,1.0001849999987655,0.006672000001373135
22.275335214,22.275617747,0.28253300000002923,0.7176519999987363
22.375533967,22.376267599,0.7336319999993179,0.4510989999992887
22.375664984,22.376456606,0.7916220000012686,0.05799000000195065
22.485577412,22.485886584,0.3091719999979148,0.4824500000033538
22.640180398,22.640867113,0.686715000000504,0.3775430000025892
22.640334719,22.641135298,0.8005789999998569,0.11386399999935293
22.823838569,22.824247089,0.4085200000005784,0.3920589999992785
22.900689603,22.9015529,0.8632969999986528,0.4547769999980744
22.900839696,22.901682645,0.8429490000025908,0.02034799999606207
23.009201162,23.009527436,0.32627399999896056,0.5166750000036302
23.10930202,23.109823282,0.5212619999994672,0.19498800000050664
23.109453345,23.110121825,0.6684800000016367,0.14721800000216945
23.220581254,23.221128735,0.5474810000016817,0.120998999999955
23.317261366,23.317702737,0.4413710000008564,0.10611000000082527
23.320736585,23.320891877,0.15529200000230503,0.28607899999855135
23.430083287,23.430327537,0.2442500000015002,0.08895799999919518
23.530230432,23.531201011,0.9705790000005265,0.7263289999990263
23.530378892,23.531339923,0.9610309999992239,0.009548000001302626
23.646121236,23.646337103,0.215867000001424,0.7451639999977999
23.744116978,23.744754449,0.637470999997447,0.42160399999602305
23.744260658,23.745014088,0.7534299999996108,0.11595900000216375
23.851120905,23.851369834,0.24892900000139662,0.5045009999982142
23.950662289,23.951273611,0.6113220000010244,0.3623929999996278
23.950808614,23.951451796,0.6431820000010191,0.03185999999999467
24.060234235,24.060476832,0.2425969999997335,0.4005850000012856
24.162245834,24.163113419,0.8675849999981722,0.6249879999984387
24.162387691,24.16323069,0.8429989999996224,0.024585999998549823
24.273275668,24.27351022,0.23455199999844467,0.6084470000011777
24.377998837,24.378998571,0.9997340000005295,0.7651820000020848
24.377998967,24.37923163,1.2326629999996896,0.23292899999916017
24.4899569,24.490261293,0.3043930000004025,0.9282699999992872
24.592649402,24.593335074,0.6856719999994709,0.38127899999906845
24.592649873,24.593485408,0.8355350000002204,0.14986300000074948
24.700830608,24.701191037,0.36042900000055056,0.47510599999966985
24.801988247,24.802841044,0.8527970000002938,0.49236799999974323
24.801988708,24.803177519,1.1888109999986796,0.33601399999838577
24.908775957,24.909111239,0.33528200000176867,0.8535289999969109
25.011967199,25.01275812,0.790921000000111,0.45563899999834234
25.01196764,25.012884678,0.9170379999972056,0.12611699999709458
25.124250515,25.124604823,0.3543079999985821,0.5627299999986235
25.220650599,25.221450968,0.800369000000245,0.44606100000166293
25.220795222,25.221594107,0.7988850000018033,0.0014839999984417318
25.326963684,25.327232581,0.2688970000015445,0.5299880000002588
25.434026192,25.434620532,0.5943399999992494,0.3254429999977049
25.434175072,25.434751178,0.5761060000004647,0.01823399999878461
25.542280575,25.542557227,0.2766520000001549,0.29945400000030986
25.641272424,25.64190696,0.6345359999997413,0.3578839999995864
25.641416956,25.642055439,0.6384829999994679,0.003946999999726586
25.750352293,25.750879326,0.5270330000008983,0.11144999999856964
25.847207645,25.847810261,0.6026159999983349,0.07558299999743667
25.847349342,25.847942159,0.5928169999975808,0.009799000000754177
25.955717259,25.955990795,0.273536000001684,0.31928099999589676
26.05797358,26.058698005,0.7244250000013608,0.4508889999996768
26.057974,26.058833861,0.859860999998574,0.13543599999721323
26.165041748,26.165347714,0.3059659999991027,0.5538949999994713
26.266376321,26.267030784,0.6544630000000495,0.34849700000094685
26.266523408,26.267209311,0.6859029999972677,0.03143999999721814
26.374747064,26.375096492,0.34942799999981844,0.33647499999744923
26.525702897,26.526453201,0.7503040000003125,0.40087600000049406
26.525850225,26.526574119,0.7238940000000582,0.026410000000254286
26.634963457,26.635276457,0.3129999999984534,0.4108940000016048
26.734367201,26.735193378,0.8261770000004276,0.5131770000019742
26.734511564,26.735412672,0.9011079999972083,0.07493099999678066
26.846965691,26.847265546,0.2998549999979616,0.6012529999992466
26.987965303,26.988435939,0.4706359999993026,0.170781000001341
26.988109725,26.988575042,0.4653169999997431,0.005318999999559537
27.098611644,27.099107248,0.49560399999748483,0.03028699999774176
27.202261119,27.202899633,0.6385140000020328,0.142910000004548
27.20226159,27.203090242,0.8286519999991526,0.19013799999711978
27.313902175,27.314170701,0.2685259999992695,0.5601259999998831
27.412279595,27.413654106,1.3745109999980798,1.1059849999988103
27.416406222,27.416553299,0.1470770000011612,1.2274339999969186
27.524120117,27.524438777,0.3186600000013584,0.17158300000019722
27.64297157,27.643665979,0.6944090000011727,0.37574899999981426
27.647330725,27.647420504,0.08977899999962347,0.6046300000015492
27.755980634,27.756267855,0.2872210000006703,0.19744200000104684
27.85999115,27.860705506,0.714355999999583,0.4271349999989127
27.859991561,27.860940839,0.9492780000002199,0.2349220000006369
27.972178795,27.972475685,0.29688999999777366,0.6523880000024462
28.075984425,28.076658716,0.6742909999992719,0.37740100000149823
28.075984786,28.076860637,0.8758509999999831,0.20156000000071117
28.202490263,28.202820385,0.3301219999976013,0.5457290000023818
28.340017601,28.340716118,0.6985170000000096,0.3683950000024083
28.340164278,28.340920923,0.7566449999991676,0.058127999999157964
28.447837436,28.448199358,0.36192199999973695,0.3947229999994306
28.548925064,28.549711576,0.7865120000012382,0.42459000000150127
28.549058265,28.54991037,0.8521049999998809,0.06559299999864265
28.660959891,28.661248786,0.28889500000062185,0.563209999999259
28.760375228,28.761151831,0.776602999998488,0.4877079999978662
28.760520271,28.761361436,0.8411650000006432,0.06456200000215517
28.870676739,28.871190557,0.5138179999981674,0.32734700000247585
28.979539789,28.980099063,0.5592740000004426,0.04545600000227523
28.9795401,28.980214671,0.6745709999975702,0.11529699999712761
29.091956827,29.092280257,0.32342999999812605,0.35114099999944415
29.192114272,29.192814612,0.7003399999980786,0.37690999999995256
29.19226176,29.193023586,0.7618259999979671,0.06148599999988846
29.310146882,29.310415849,0.2689670000002309,0.4928589999977362
29.404150771,29.404843897,0.6931259999980455,0.4241589999978146
29.404291937,29.405047741,0.7558040000006372,0.06267800000259172
29.513210883,29.513422832,0.21194900000054417,0.543855000000093
29.614489922,29.615199709,0.7097869999981299,0.4978379999975857
29.614623664,29.615409915,0.7862510000009593,0.07646400000282938
29.725574298,29.725894161,0.3198629999978664,0.4663880000030929
29.826013764,29.82672238,0.7086160000007169,0.3887530000028505
29.826014265,29.826911376,0.8971110000004501,0.18849499999973318
29.954280641,29.954735077,0.45443599999828166,0.4426750000021684
30.033597382,30.034333449,0.7360669999982861,0.2816310000000044
30.035699203,30.035813298,0.11409500000070238,0.6219719999975837
30.144984118,30.145285176,0.301058000001575,0.18696300000087263
30.245161771,30.245988339,0.8265680000008047,0.5255099999992296
30.245162162,30.246156245,0.9940830000019218,0.1675150000011172
30.351535651,30.351882505,0.34685400000000755,0.6472290000019143
30.45796747,30.458596976,0.6295059999992247,0.2826519999992172
30.460322157,30.460394934,0.0727769999997463,0.5567289999994784
30.570937039,30.571165379,0.22833999999960497,0.15556299999985868
30.672099007,30.672797333,0.698325999998417,0.4699859999988121
30.672099298,30.673143856,1.0445580000002508,0.34623200000183374
30.783010878,30.783355698,0.3448200000022439,0.6997379999980069
30.888961831,30.889659275,0.697444000000047,0.35262399999780314
30.888962332,30.889865604,0.9032720000021754,0.20582800000212842
31.00497216,31.00522688,0.25471999999737704,0.6485520000047984
31.102427173,31.10333319,0.9060170000019241,0.651297000004547
31.102574009,31.103468785,0.8947759999990978,0.01124100000282624
31.21396858,31.21421794,0.24936000000153058,0.6454159999975673
31.497216997,31.497793734,0.5767369999993832,0.32737699999785264
31.497364775,31.497953024,0.5882489999997631,0.011512000000379885
31.610770076,31.611098805,0.3287289999995835,0.2595200000001796
31.711019514,31.711824671,0.805156999998502,0.4764279999989185
31.711019865,31.71232293,1.3030649999983268,0.4979079999998248
31.837689421,31.837920597,0.23117599999977756,1.0718889999985493
31.961729102,31.963071421,1.342318999999037,1.1111429999992595
31.963773354,31.963915642,0.14228799999926878,1.2000309999997683
32.10894656,32.109262516,0.3159560000014494,0.17366800000218063
32.208236761,32.208993537,0.7567759999957957,0.4408199999943463
32.208378318,32.209290757,0.912438999996823,0.15566300000102729
32.318752135,32.319120359,0.3682240000060233,0.5442149999907997
32.416568528,32.417391469,0.822941000002686,0.4547169999966627
32.41671808,32.417640428,0.9223479999960205,0.09940699999333447
32.530258215,32.530583988,0.3257729999930348,0.5965750000029857
32.634958991,32.635713062,0.7540710000029094,0.4282980000098746
32.638659204,32.6388159,0.15669599999768025,0.5973750000052291
32.802357511,32.802783814,0.4263030000046797,0.26960700000699944
32.850735999,32.851470213,0.7342139999977348,0.30791099999305516
32.850880461,32.851664238,0.7837769999952116,0.04956299999747671
32.995958248,32.996188051,0.22980299999630915,0.5539739999989024
33.097987681,33.098887075,0.8993940000010525,0.6695910000047434
33.097988081,33.099132778,1.1446970000008605,0.24530299999980798
33.224257323,33.224599849,0.3425259999971786,0.8021710000036819
33.310863892,33.311733591,0.8696989999990024,0.5271730000018238
33.311030486,33.311877121,0.8466350000020384,0.023063999996963958
33.417779552,33.418036767,0.2572149999977569,0.5894200000042815
33.53333244,33.534062045,0.7296049999965248,0.47238999999876796
33.533476842,33.534145382,0.6685399999994956,0.06106499999702919
33.640374178,33.640630822,0.2566439999966974,0.41189600000279825
33.753953346,33.754586689,0.6333429999969553,0.3766990000002579
33.753953556,33.754762561,0.8090050000006954,0.1756620000037401
33.8637684,33.864140732,0.3723320000048602,0.4366729999958352
33.964959694,33.965580534,0.6208399999962921,0.24850799999143192
33.964960104,33.965768558,0.8084540000012908,0.18761400000499862
34.075567081,34.075836649,0.26956800000021985,0.5388860000010709
34.177341664,34.178170375,0.8287110000040343,0.5591430000038144
34.17748853,34.17830017,0.8116400000020008,0.017071000002033543
34.283885143,34.284188725,0.3035820000008016,0.5080580000011992
34.384923047,34.385744034,0.8209869999973307,0.5174049999965291
34.385072088,34.386035624,0.9635360000004312,0.14254900000310045
34.493731795,34.494093687,0.36189200000080746,0.6016439999996237
34.611543609,34.612253788,0.710178999995037,0.3482869999942295
34.611544341,34.612373563,0.8292220000001294,0.11904300000509238
34.722001205,34.722273157,0.27195199999852093,0.5572700000016084
34.820486599,34.820969468,0.4828690000024949,0.21091700000397395
34.82062553,34.821060911,0.43538099999551605,0.04748800000697884
34.95477381,34.955061933,0.28812300000424784,0.1472579999912682
35.039914757,35.040364284,0.44952700000067125,0.1614039999964234
35.040062215,35.04048972,0.4275049999975522,0.022022000003119047
35.148960592,35.149308077,0.347484999998926,0.08001999999862619
35.250960789,35.251637575,0.6767859999996517,0.3293010000007257
35.25096113,35.251825779,0.8646490000003837,0.18786300000073197
35.357228559,35.3575049,0.27634100000284434,0.5883079999975394
35.458885419,35.459631796,0.746376999998688,0.47003599999584367
35.459029441,35.459778913,0.7494720000025268,0.003095000003838777
35.566982266,35.567282752,0.3004860000004328,0.448986000002094
35.705129292,35.705629264,0.4999720000000707,0.1994859999996379
35.705278303,35.705749651,0.4713479999978176,0.02862400000225307
35.814960907,35.815419962,0.45905500000031907,0.012292999997498555
35.912163644,35.912972659,0.8090149999944174,0.3499599999940983
35.91229436,35.91309029,0.7959300000024427,0.013084999991974655
36.027969949,36.028254836,0.2848869999994008,0.5110430000030419
36.124190715,36.124812467,0.6217520000006971,0.33686500000129627
36.124339736,36.125012905,0.673168999995255,0.051416999994557955
36.230052139,36.230241596,0.189456999997617,0.48371199999763803
36.330908732,36.331601407,0.6926750000033621,0.5032180000057451
36.331062411,36.331769414,0.7070030000022598,0.014327999998897667
36.441958112,36.442282654,0.3245420000013155,0.3824610000009443
36.539639701,36.540245072,0.605370999998911,0.2808289999975955
36.539640002,36.540431684,0.7916819999991276,0.1863110000002166
36.65798457,36.658290897,0.30632699999699753,0.48535500000213005
36.757994817,36.758680269,0.685452000006137,0.3791250000091395
36.757995248,36.758955999,0.9607510000009256,0.2752989999947886
36.870880388,36.871219287,0.3388989999990599,0.6218520000018657
37.391805943,37.392400163,0.5942199999964259,0.255320999997366
37.391806334,37.392528745,0.7224109999981465,0.12819100000172057
37.391806404,37.392606812,0.8004079999963665,0.07799699999821996
37.50176539,37.502095111,0.3297209999999495,0.47068699999641694
37.60311954,37.603965925,0.8463849999955642,0.5166639999956146
37.603271215,37.604232537,0.9613220000019851,0.11493700000642093
37.707964017,37.708762131,0.7981139999984066,0.1632080000035785
37.912278815,37.913025963,0.7471480000020847,0.0509659999963219
37.912418318,37.913161087,0.7427689999985887,0.004379000003496003
37.912572187,37.913269752,0.6975649999958478,0.04520400000274094
38.024859851,38.025144758,0.2849070000010556,0.41265799999479214
38.123955656,38.124457712,0.5020560000019714,0.21714900000091575
38.123956006,38.124550276,0.594270000000563,0.09221399999859159
38.223823615,38.224433174,0.6095589999972617,0.015288999996698749
38.325028604,38.325736508,0.7079039999950965,0.09834499999783475
38.325173557,38.325954098,0.78054099999747,0.0726370000023735
38.425960238,38.426287444,0.3272060000014676,0.45333499999600235
38.526395346,38.526671707,0.2763609999973937,0.05084500000407388
38.629954521,38.630512062,0.5575409999991621,0.28118000000176835
38.629954822,38.630633831,0.6790089999952897,0.12146799999612767
38.745525673,38.746289553,0.7638799999938328,0.08487099999854308
38.849353044,38.850204478,0.8514340000047582,0.08755400001092539
38.849353735,38.850363949,1.0102139999972337,0.1587799999924755
38.933876777,38.934211117,0.3343399999948815,0.6758740000023522
39.12667952,39.126996307,0.31678699999559967,0.017552999999281838
39.131261796,39.131955914,0.6941180000055169,0.37733100000991726
39.136742594,39.136978298,0.23570400000494374,0.4584140000005732
39.25446021,39.254977666,0.5174560000043016,0.28175199999935785
39.364205033,39.364615196,0.41016300000507044,0.10729299999923114
39.364358482,39.364712339,0.35385700000034603,0.05630600000472441
39.439692838,39.439972706,0.2798679999997944,0.07398900000055164
39.54016689,39.540390892,0.2240019999959486,0.055866000003845784
39.641175348,39.641830343,0.6549950000049876,0.43099300000903895
39.641175869,39.642060857,0.8849879999957011,0.22999299999071354
39.75417832,39.754989649,0.8113290000011375,0.0736589999945636
39.843951476,39.844442522,0.4910460000004946,0.3202830000006429
39.84525365,39.84533838,0.08473000000464026,0.4063159999958543
39.942618332,39.942906074,0.28774199999759276,0.2030119999929525
40.05061516,40.050870111,0.2549510000022792,0.03279099999531354
40.155997331,40.156578466,0.5811349999973459,0.32618399999506664
40.156146652,40.156804873,0.6582210000019018,0.0770860000045559
40.258975241,40.259682123,0.7068819999958009,0.04866099999389917
40.349344781,40.349943188,0.5984069999982466,0.10847499999755428
40.349489133,40.350122947,0.6338140000039516,0.03540700000570496
40.558485192,40.558755241,0.2700490000009381,0.3637650000030135
40.5592164,40.559347767,0.13136700000160317,0.13868199999933495
40.649315049,40.650070443,0.7553939999951353,0.6240269999935322
40.652283533,40.65236662,0.08308700000014824,0.6723069999949871
40.766989955,40.767681729,0.69177400000342,0.6086870000032718
40.861949886,40.86264236,0.6924740000044949,0.0007000000010748408
40.86207949,40.862834402,0.754911999997887,0.06243799999339217
40.958900768,40.959287777,0.38700900000065985,0.3679029999972272
41.057407913,41.057767751,0.359838000001389,0.027170999999270862
41.15665399,41.157371502,0.7175119999942581,0.3576739999928691
41.156801318,41.157572381,0.7710630000019592,0.05355100000770108
41.257963275,41.258635552,0.6722769999996103,0.09878600000234883
41.357123491,41.35766922,0.5457289999952764,0.12654800000433397
41.357270709,41.357816277,0.5455679999997187,0.00016099999555763134
41.461761449,41.462234731,0.4732820000015181,0.07228599999820062
41.58789744,41.588117475,0.22003499999811993,0.25324700000339817
41.659871695,41.660507142,0.6354470000005108,0.41541200000239087
41.660007701,41.660681661,0.6739600000003065,0.03851299999979574
41.770258096,41.771345815,1.087718999997378,0.41375899999707144
41.86598417,41.866698626,0.7144560000043043,0.37326299999307366
41.8659846,41.866922388,0.9377880000016603,0.22333199999735598
41.975963744,41.976366273,0.40252899999870806,0.5352590000029522
42.062419929,42.062699706,0.27977699999581773,0.12275200000289033
42.162927885,42.163371761,0.4438759999985109,0.16409900000269317
42.163075873,42.163461119,0.38524600000044984,0.058629999998061066
42.269288118,42.269972258,0.6841400000041631,0.29889400000371324
42.409982915,42.410603485,0.620570000002374,0.06357000000178914
42.409983176,42.410812188,0.8290120000040702,0.20844200000169621
42.466525489,42.466859839,0.33435000000281434,0.4946620000012558
42.575390072,42.575712209,0.3221370000048296,0.012212999997984753
42.675438411,42.67628708,0.848668999999802,0.5265319999949725
42.675583344,42.676496475,0.9131309999972359,0.06446199999743385
42.781998191,42.782829738,0.8315469999971015,0.08158400000013444
42.870431893,42.871270904,0.8390109999965034,0.007463999999401949
42.870581785,42.871405768,0.8239830000036363,0.01502799999286708
43.049609159,43.050075608,0.4664490000010346,0.3575340000026017
43.132211421,43.132483654,0.272232999996902,0.19421600000413264
43.172673281,43.17341026,0.7369789999955856,0.4647459999986836
43.172804659,43.173566434,0.7617750000008527,0.02479600000526716
43.279971863,43.280945558,0.9736949999989974,0.2119199999981447
43.383772494,43.384414243,0.6417490000032444,0.331945999995753
43.383772594,43.384639257,0.866663000003598,0.22491400000035355
43.479869817,43.480122814,0.25299699999692393,0.613666000006674
43.586395623,43.586682534,0.28691099999633707,0.033913999999413136
43.705509571,43.706098852,0.5892809999963333,0.30236999999999625
43.713029512,43.713234619,0.20510699999931603,0.3841739999970173
43.877408171,43.87820894,0.8007690000013667,0.5956620000020507
43.88161587,43.881981549,0.36567900000505915,0.4350899999963076
43.88404085,43.88413655,0.09570000000280743,0.2699790000022517
44.006969527,44.007239475,0.26994799999613406,0.17424799999332663
44.10966772,44.110146552,0.4788320000059798,0.20888400000984575
44.200107652,44.200685781,0.5781289999973183,0.09929699999133845
44.21572356,44.215997356,0.2737960000018802,0.30433299999543806
44.316693796,44.317324435,0.630639000000599,0.3568429999987188
44.403278373,44.404035119,0.7567460000004189,0.1261069999998199
44.451896333,44.452224321,0.3279880000022217,0.4287579999981972
44.497703696,44.497960741,0.25704499999790187,0.07094300000431986
44.633061495,44.63335601,0.29451500000021724,0.03747000000231537
44.727565617,44.728324236,0.7586189999955195,0.4641039999953023
44.727716761,44.728497803,0.781041999999843,0.022423000004323512
44.80330189,44.804302876,1.0009860000010917,0.2199440000012487
44.902578716,44.903370908,0.7921919999986926,0.20879400000239912
44.905705588,44.905811948,0.10636000000374679,0.6858319999949458
45.028257114,45.0286423,0.38518600000259084,0.27882599999884405
45.108618403,45.108873735,0.2553320000018289,0.12985400000076197
45.253018613,45.253705067,0.6864539999966723,0.43112199999484346
45.275251931,45.275478719,0.2267879999990896,0.45966599999758273
45.31355875,45.314038183,0.47943300000241607,0.25264500000332646
45.411296825,45.412168488,0.8716629999980796,0.39222999999566355
45.411443372,45.412405585,0.9622130000010998,0.09055000000302016
45.52204594,45.522313144,0.2672040000035736,0.6950089999975262
45.684672126,45.684954548,0.2824219999979505,0.015217999994376896
45.71262899,45.713268956,0.6399660000013796,0.3575440000034291
45.712765918,45.713435059,0.6691409999959319,0.02917499999455231
45.854717233,45.855625434,0.9082009999943352,0.23905999999840333
46.010046368,46.010614138,0.5677700000035202,0.34043099999081505
46.010195509,46.010802573,0.6070640000004346,0.03929399999691441
46.064037473,46.064394606,0.35713300000139725,0.24993099999903734
46.159175198,46.159470084,0.2948859999989395,0.06224700000245775
46.276995959,46.277618933,0.6229740000023298,0.32808800000339033
46.27699623,46.277820763,0.8245329999994055,0.20155899999707572
46.362572787,46.363422098,0.8493110000031834,0.024778000003777834
46.463637111,46.464145719,0.5086080000040738,0.3407029999991096
46.470154292,46.470388163,0.23387100000604732,0.2747369999980265
46.571492162,46.571825159,0.33299700000100074,0.09912599999495342
46.668430861,46.668719134,0.28827300000244804,0.0447239999985527
46.764958055,46.765511197,0.5531420000011167,0.26486899999866864
46.764958365,46.765716804,0.7584390000019425,0.20529700000082585
46.874980219,46.875661233,0.6810140000013121,0.07742500000063046
46.963626311,46.964126925,0.500614000003452,0.18039999999786005
46.963770723,46.964239066,0.46834299999432005,0.03227100000913197
47.063339569,47.06373841,0.39884099999909495,0.0695019999952251
47.163005738,47.163596872,0.5911339999968845,0.1922929999977896
47.268966219,47.269716873,0.7506540000008499,0.15952000000396538
47.268966649,47.2700813,1.1146510000017429,0.36399700000089297
47.387379336,47.388476433,1.0970969999988256,0.01755400000291729
47.480971769,47.481445321,0.4735520000025417,0.6235449999962839
47.482695748,47.482784235,0.08848699999930432,0.3850650000032374
47.573144988,47.573404607,0.25961899999771276,0.17113199999840845
47.668540258,47.668868757,0.3284989999983168,0.06888000000060401
47.781115965,47.7816495,0.5335350000024164,0.2050360000040996
47.781116175,47.781819831,0.7036559999988867,0.17012099999647035
47.867937068,47.868599797,0.6627289999983077,0.04092700000057903
47.967950561,47.968729589,0.7790279999966288,0.11629899999832105
47.968072521,47.968973409,0.9008879999967689,0.12186000000014019
48.069318818,48.069562257,0.24343900000189933,0.6574489999948696
48.173120059,48.173344602,0.2245430000016313,0.01889600000026803
48.27896896,48.279803783,0.8348229999981527,0.6102799999965214
48.27896934,48.280058723,1.0893830000000548,0.25456000000190215
48.373068799,48.373800778,0.7319790000011039,0.3574039999989509
48.474960121,48.475563669,0.603548000000842,0.12843100000026197
48.474960572,48.475781279,0.8207070000025851,0.21715900000174315
48.617968137,48.618245339,0.2772019999994768,0.5435050000031083
48.683634484,48.683948797,0.3143129999969574,0.037110999997480576
48.808795888,48.809750067,0.9541790000042738,0.6398660000073164
48.808796179,48.809979519,1.183340000004307,0.22916100000003325
48.903147903,48.903845518,0.6976149999999848,0.4857250000043223
48.977264434,48.977796968,0.5325340000013057,0.1650809999986791
48.977408275,48.977993899,0.5856239999957324,0.05308999999442676
49.08377962,49.084109001,0.3293810000002395,0.25624299999549294
49.241758679,49.242030351,0.2716719999966699,0.0577090000035696
49.322652592,49.323059158,0.40656600000232856,0.13489400000565865
49.322796523,49.323170478,0.373955000000592,0.032611000001736556
49.37901234,49.379630756,0.6184159999946814,0.24446099999408943
49.507889477,49.508445194,0.5557169999974576,0.06269899999722384
49.508033959,49.508654158,0.6201989999965463,0.06448199999908866
49.63806458,49.638284895,0.22031499999997095,0.3998839999965753
49.744707055,49.744977104,0.2700490000009381,0.04973400000096717
49.78417933,49.784735258,0.5559279999971523,0.28587899999621413
49.784326367,49.784878347,0.5519800000044484,0.003947999992703899
49.960380909,49.961243705,0.8627959999998325,0.3108159999953841
50.078273896,50.079044308,0.7704120000013859,0.0923839999984466
50.078452192,50.079285773,0.8335810000019706,0.06316900000058467
50.215973678,50.2163408,0.36712200000010853,0.466459000001862
50.42645706,50.426800578,0.34351800000109733,0.023603999999011194
50.426636779,50.427498854,0.8620750000005728,0.5185569999994755
50.426788665,50.427597499,0.8088340000043104,0.05324099999626242
50.555379462,50.556116441,0.736979000002691,0.07185500000161937
50.66398136,50.664709022,0.7276619999956324,0.009317000007058596
50.663982012,50.664838115,0.8561030000038272,0.1284410000081948
50.807622479,50.807905332,0.28285299999453173,0.5732500000092955
50.873153682,50.873430042,0.2763600000008637,0.006492999993668036
50.97498973,50.975713213,0.7234830000015791,0.44712300000071536
50.97499019,50.975904163,0.9139730000029544,0.1904900000013754
51.056145366,51.056833032,0.6876659999974777,0.22630700000547677
51.161955964,51.162636476,0.680512000002409,0.007153999995068716
51.161956285,51.162917696,0.9614109999986908,0.2808989999962819
51.256349116,51.256551688,0.2025719999991793,0.7588389999995115
51.365972279,51.366261293,0.2890140000033625,0.08644200000418323
51.469762149,51.470502334,0.7401850000050558,0.4511710000016933
51.4697626,51.470633541,0.8709409999951845,0.13075599999012866
51.56138476,51.562034404,0.6496439999992276,0.22129699999595687
51.710047402,51.710685154,0.6377519999958281,0.011892000003399517
51.711217777,51.711293099,0.07532200000071043,0.5624299999951177
51.780775988,51.780973551,0.19756300000040028,0.12224099999968985
51.869046372,51.869289791,0.24341900000024452,0.045855999999844244
52.024451611,52.0251305,0.6788889999995718,0.43546999999932723
52.024605771,52.025306922,0.7011510000012322,0.022262000001660454
52.063837312,52.064268134,0.4308220000055485,0.2703289999956837
52.1684911,52.169085651,0.5945510000060494,0.16372900000050095
52.177551985,52.177970855,0.41886999999718455,0.17568100000886488
52.2622938,52.262566403,0.2726029999990942,0.14626699999809034
52.363774899,52.363994523,0.2196240000031935,0.05297899999590072
52.478513882,52.479212429,0.6985469999989391,0.4789229999957456
52.478677901,52.479409069,0.7311680000015031,0.03262100000256396
52.571399413,52.572057634,0.6582209999947963,0.07294700000670673
52.669963245,52.670656672,0.693427000001634,0.03520600000683771
52.669963345,52.670865425,0.9020800000030249,0.20865300000139086
52.772762899,52.7730553,0.2924010000029398,0.6096790000000851
52.876735824,52.877005372,0.26954799999856505,0.022853000004374735
52.976022197,52.97670313,0.6809329999981628,0.41138499999959777
52.976022678,52.976839377,0.8166989999978114,0.13576599999964856
53.078270753,53.078968327,0.6975740000001451,0.11912499999766624
53.20801883,53.208733898,0.715067999998098,0.01749399999795287
53.208018961,53.208903928,0.8849669999975163,0.16989899999941827
53.286587632,53.286886615,0.298983000000419,0.5859839999970973
53.381154962,53.381351563,0.19660100000606917,0.10238199999434983
53.483971999,53.48467289,0.700891000001036,0.5042899999949668
53.48397233,53.484916148,0.9438180000032048,0.24292700000216882
53.587328452,53.587981493,0.6530409999996323,0.29077700000357254
53.679972769,53.680685722,0.7129529999971851,0.05991199999755281
53.680142258,53.680809656,0.6673980000044821,0.04555499999270296
53.783552643,53.783858289,0.30564600000104747,0.36175200000343466
53.880074446,53.880339957,0.26551099999494454,0.04013500000610293
54.00784077,54.008845753,1.0049830000014026,0.7394720000064581
54.007978219,54.009138455,1.160235999996928,0.15525299999552544
54.077534356,54.078149054,0.6146979999996915,0.5455379999972365
54.188874574,54.189308772,0.43419799999355746,0.1805000000061341
54.188874755,54.189441402,0.5666469999994206,0.13244900000586313
54.280436661,54.280872743,0.43608200000022634,0.13056499999919424
54.387396535,54.38775459,0.35805499999952417,0.07802700000070217
54.486634667,54.487275675,0.6410080000023299,0.28295300000280577
54.486634948,54.487512261,0.8773129999966045,0.23630499999427457
54.591962225,54.592518494,0.5562689999933923,0.3210440000032122
54.905717401,54.906195863,0.4784620000037876,0.07780699998960472
54.905717711,54.90632692,0.6092089999967243,0.1307469999929367
54.905717772,54.906414364,0.6965919999970538,0.0873830000003295
55.02196658,55.022405958,0.43937800000293237,0.2572139999941214
55.121170248,55.121982027,0.8117790000028435,0.37240099999991116
55.123137675,55.123210012,0.07233699999886767,0.7394420000039759
55.241813878,55.24252084,0.7069619999953147,0.6346249999964471
55.334315696,55.335002991,0.6872950000058609,0.01966699998945387
55.334316147,55.33520943,0.8932829999963587,0.20598799999049788
55.424780435,55.425097663,0.31722800000011375,0.576054999996245
55.537601595,55.538178071,0.5764759999991043,0.2592479999989905
55.625706226,55.626312428,0.6062020000001667,0.029726000001062403
55.632073685,55.632306594,0.23290899999750536,0.3732930000026613
55.737967791,55.738794969,0.8271779999944329,0.5942689999969275
55.835514976,55.836179298,0.6643219999986627,0.16285599999577016
55.8356652,55.836376881,0.7116809999985207,0.04735899999985804
56.020377977,56.02068711,0.3091329999946879,0.40254800000383284
56.028451512,56.028747319,0.2958070000005364,0.013325999994151516
56.163611809,56.164066435,0.4546259999997915,0.15881899999925508
56.163753686,56.164183797,0.4301110000000108,0.024514999999780684
56.246714965,56.247196012,0.4810470000009559,0.050936000000945114
56.330416769,56.330861197,0.4444279999944456,0.036619000006510305
56.330558316,56.330981373,0.42305699999900526,0.021370999995440343
56.433180395,56.433472686,0.29229100000094377,0.1307659999980615
56.534832938,56.53516307,0.3301320000019814,0.03784100000103763
56.634778022,56.63546136,0.6833380000017542,0.35320599999977276
56.636027306,56.636138165,0.11085899999585536,0.5724790000058988
56.739646405,56.740292653,0.646247999995353,0.5353889999994976
56.842397848,56.843236118,0.8382700000026944,0.19202200000734138
56.882711668,56.882958363,0.24669500000129574,0.5915750000013986
56.963213693,56.963615701,0.4020080000017856,0.15531300000048986
57.045117589,57.045407195,0.28960600000260683,0.11240199999917877
57.14597336,57.146820567,0.8472069999996279,0.5576009999970211
57.145973791,57.146960701,0.9869099999946229,0.13970299999499503
57.237349998,57.23815262,0.802622000001918,0.18428799999270495
57.349964858,57.350642726,0.6778679999968062,0.12475400000511172
57.349965349,57.350808718,0.8433690000018146,0.16550100000500834
57.440793583,57.441080033,0.2864499999972736,0.556919000004541
57.546961885,57.547216665,0.25477999999878875,0.031669999998484855
57.685944525,57.686622974,0.6784490000057986,0.4236690000070098
57.685944936,57.686820085,0.8751490000022955,0.1966999999964969
57.745220099,57.745766519,0.5464199999991592,0.3287290000031362
57.846386756,57.847168539,0.7817830000007575,0.23536300000159827
57.846387206,57.847297833,0.9106269999961114,0.1288439999953539
57.95081047,57.951151663,0.3411929999970198,0.5694339999990916
58.053622237,58.053895882,0.27364500000004455,0.06754799999697525
58.145858875,58.146737922,0.8790469999979678,0.6054019999979232
58.15251084,58.152623954,0.1131140000012465,0.7659329999967213
58.246969346,58.247454821,0.48547499999784804,0.37236099999660155
58.349958336,58.35048572,0.5273840000015184,0.04190900000367037
58.349958727,58.350606017,0.6472899999963033,0.1199059999947849
58.452474115,58.452717614,0.24349899999975833,0.403790999996545
58.578275395,58.578535496,0.2601010000020665,0.01660200000230816
58.665369543,58.665992727,0.6231840000054945,0.36308300000342797
58.667239577,58.667307835,0.06825800000598292,0.5549259999995115
58.762522746,58.763343583,0.8208369999991305,0.7525789999931476
58.878048442,58.878701913,0.6534709999996835,0.167365999999447
58.878049233,58.878917049,0.8678160000030744,0.21434500000339085
59.005569844,59.005773157,0.20331300000009378,0.6645030000029806
59.095888467,59.096300474,0.4120070000013243,0.2086940000012305
59.172173154,59.172710186,0.5370320000039897,0.12502500000266537
59.17230885,59.172841273,0.5324230000027796,0.004609000001210006
59.270969614,59.271735568,0.7659539999949061,0.23353099999212645
59.369973876,59.370725723,0.7518469999965305,0.014106999998375613
59.369974517,59.370898538,0.9240209999958893,0.17217399999935878
59.470419514,59.470905409,0.48589499999707186,0.4381259999988174
59.569959365,59.570239473,0.2801079999983358,0.20578699999873606
59.671393686,59.672364806,0.9711199999955511,0.6910119999972153
59.671394818,59.672482197,1.087378999997668,0.11625900000211686
59.771975049,59.772441238,0.4661890000008384,0.6211899999968296
59.880984455,59.882533885,1.5494300000042927,1.0832410000034542
59.880985247,59.8827701,1.78485300000375,0.23542299999945726
59.974825637,59.975194663,0.3690260000013268,1.4158270000024231
60.079978586,60.080338655,0.360068999995633,0.008957000005693772
60.191870444,60.192686963,0.816518999997129,0.45645000000149594
60.191870875,60.19287122,1.0003450000013459,0.1838260000042169
60.283961859,60.284584692,0.6228330000013216,0.3775120000000243
60.387841387,60.388632789,0.7914019999972766,0.16856899999595498
60.387841768,60.388752164,0.9103960000018674,0.11899400000459082
60.484589808,60.484828658,0.2388499999952387,0.6715460000066287
60.626957427,60.627216716,0.25928899999883015,0.020439000003591445
60.684053513,60.684643545,0.5900319999980752,0.33074299999924506
60.684188568,60.684744806,0.5562379999943801,0.033794000003695146
60.790734081,60.791426566,0.6924850000018523,0.13624700000747225
60.88696688,60.887743834,0.7769539999955555,0.08446899999370316
60.886967701,60.887977574,1.0098729999938882,0.23291899999833277
60.993982108,60.994303153,0.32104499999974223,0.688827999994146
61.096105778,61.096454154,0.3483759999980407,0.027330999998298466
61.193109079,61.193718948,0.6098689999944895,0.2614929999964488
61.193249664,61.193892455,0.6427909999970893,0.032922000002599816
61.307979981,61.308666805,0.6868239999988646,0.044033000001775235
61.395571114,61.396309526,0.7384120000040184,0.051588000005153845
61.395715226,61.396565278,0.8500519999969924,0.11163999999297403
61.487195308,61.48747192,0.276612000000398,0.5734399999965945
61.589613844,61.589792801,0.17895700000281067,0.09765499999758731
61.692564392,61.693219246,0.6548539999968739,0.4758969999940632
61.702241639,61.702526997,0.2853579999992917,0.3694959999975822
61.805179794,61.805755589,0.5757950000031542,0.2904370000038625
61.889462914,61.890077372,0.6144580000011501,0.03866299999799594
61.88960965,61.890255948,0.64629799999949,0.03183999999833986
62.00448462,62.004878001,0.3933810000020799,0.25291699999741013
62.096956952,62.097151259,0.19430700000100387,0.199074000001076
62.198986044,62.199704839,0.7187949999973853,0.5244879999963814
62.198986505,62.199855523,0.8690179999959469,0.1502229999985616
62.307985331,62.308555255,0.5699240000041073,0.2990939999918396
62.470419916,62.471145543,0.7256270000013387,0.15570299999723147
62.470420417,62.4714142,0.993782999998416,0.2681559999970773
62.494733404,62.494986361,0.25295700000071975,0.7408259999976963
62.596968023,62.597169934,0.20191099999777862,0.05104600000294113
62.703687544,62.704387814,0.7002700000029449,0.4983590000051663
62.703829933,62.704553486,0.7235530000002655,0.02328299999732053
62.815723394,62.816293167,0.5697729999951662,0.15378000000509928
62.899565242,62.900252327,0.6870849999955908,0.11731200000042463
62.899709854,62.900474025,0.7641710000001467,0.0770860000045559
62.999959263,63.000284576,0.32531299999760677,0.43885800000253994
63.100981256,63.101293966,0.3127100000028804,0.01260299999472636
63.201990025,63.202502692,0.5126670000024092,0.19995699999952876
63.201990356,63.202615955,0.6255989999957023,0.11293199999329318
63.301245761,63.301822037,0.5762760000038725,0.049322999991829874
63.405978378,63.406434287,0.4559090000029187,0.1203670000009538
63.405978588,63.406599929,0.6213409999986652,0.16543199999574654
63.532890571,63.533188783,0.2982119999970223,0.3231290000016429
63.602182901,63.602518564,0.3356630000013183,0.03745100000429602
63.705969685,63.706410706,0.44102100000031896,0.10535799999900064
63.705969936,63.706503892,0.5339559999981702,0.09293499999785126
63.808436813,63.809129899,0.6930859999982886,0.15913000000011834
63.905945696,63.906534406,0.5887099999952738,0.10437600000301472
63.906093855,63.906725977,0.632121999998958,0.04341200000368417
64.00998728,64.010349563,0.3622830000011845,0.2698389999977735
64.113237734,64.113516479,0.2787450000028002,0.0835379999983843
64.209528191,64.210175902,0.6477109999991626,0.36896599999636237
64.209675389,64.210329862,0.6544729999973242,0.0067619999981616274
64.314703763,64.315273937,0.5701740000034761,0.08429899999384816
64.414273039,64.415031338,0.7582990000116752,0.1881250000081991
64.414421419,64.415282131,0.8607119999908264,0.10241299997915121
64.516983805,64.517295823,0.3120180000024675,0.5486939999883589
64.620159889,64.620445858,0.2859689999894499,0.026049000013017576
64.718987668,64.719649886,0.6622180000022126,0.37624900001276274
64.718988078,64.7198541,0.8660220000109575,0.20380400000874488
64.822966524,64.823545325,0.5788010000031818,0.28722100000777573
64.949587238,64.950261218,0.6739799999877505,0.09517899998456869
64.94958817,64.950456566,0.8683960000013258,0.19441600001357529
65.020128472,65.020391487,0.2630150000015874,0.6053809999997384
65.119980551,65.120304501,0.3239500000091766,0.060935000007589224
65.219261324,65.220026205,0.7648809999949435,0.4409309999857669
65.219409443,65.220166529,0.7570859999930235,0.007795000001920016
65.321989152,65.322552844,0.56369200000006,0.19339399999296347
65.42296568,65.423495419,0.5297390000009727,0.0339529999990873
65.422965941,65.42370861,0.7426690000045255,0.21293000000355278
65.526001149,65.526335859,0.33471000000417916,0.40795900000034635
65.650987693,65.651270436,0.28274299999964114,0.05196700000453802
65.742322412,65.742881696,0.5592840000048227,0.27654100000518156
65.742322752,65.743159249,0.8364969999945515,0.2772129999897288
65.826071425,65.826696132,0.6247070000000576,0.21178999999449388
65.938204297,65.938702817,0.49852000000782937,0.12618699999222827
65.938204909,65.938824406,0.6194969999882005,0.12097699998037115
66.027142419,66.027368836,0.22641699999326192,0.3930799999949386
66.130966564,66.131165439,0.1988749999952688,0.027541999997993116
66.257980619,66.258659399,0.6787800000012112,0.4799050000059424
66.25798106,66.258850519,0.869459000000461,0.19067899999924975
66.342742922,66.343184575,0.44165299999576746,0.4278060000046935
66.431742981,66.432589476,0.8464950000046656,0.40484200000889814
66.433554565,66.433623465,0.06890000000225882,0.7775950000024068
66.532969601,66.53321311,0.24350900000058573,0.1746089999983269
66.637981063,66.63843604,0.45497700000396435,0.21146800000337862
66.735240536,66.735861717,0.6211809999996376,0.16620399999567326
66.735240917,66.736090638,0.8497209999944744,0.22853999999483676
66.834275215,66.834905343,0.6301279999973985,0.21959299999707582
66.934984089,66.935574181,0.5900920000101451,0.04003599998725349
66.93498454,66.935749071,0.7645310000015115,0.17443899999136647
67.033325572,67.033595691,0.27011900000672995,0.4944119999947816
67.133790626,67.134014107,0.22348099999192073,0.04663800001480922
67.238417093,67.239160574,0.7434810000006564,0.5200000000087357
67.238619634,67.239297622,0.6779879999925242,0.06549300000813219
67.336134469,67.33680354,0.6690710000043509,0.008916999988173302
67.442014368,67.443533621,1.5192529999978888,0.8501819999935378
67.442016071,67.443763704,1.7476330000079088,0.22838000001002
67.58892099,67.589184196,0.26320599999962724,1.4844270000082815
67.640640865,67.640873353,0.23248800000885694,0.030717999990770295
67.744967757,67.745647608,0.6798510000010083,0.44736299999215134
67.745117109,67.745815795,0.6986859999926764,0.018834999991668155
67.856959403,67.857389474,0.4300709999967012,0.26861499999597527
67.944971671,67.945831782,0.8601109999943901,0.43003999999768894
67.945118217,67.945996322,0.878104999998186,0.017994000003795918
68.054740337,68.054964861,0.22452400000361195,0.6535809999945741
68.148655509,68.148907995,0.2524860000079343,0.027962000004322363
68.250959248,68.251663265,0.704017000003887,0.4515309999959527
68.250959899,68.251810663,0.8507640000061656,0.14674700000227858
68.350318228,68.350897249,0.579020999992963,0.2717430000132026
68.488984612,68.489574404,0.5897919999995338,0.01077100000657083
68.488985053,68.489759322,0.774269000004324,0.18447700000479017
68.56962102,68.569857465,0.2364449999987528,0.5378240000055712
68.653381485,68.653639952,0.25846700000897727,0.022022000010224474
68.753197636,68.753670498,0.4728620000093997,0.21439500000042244
68.753351767,68.753785935,0.4341679999981807,0.03869400001121903
68.862962987,68.863671943,0.7089559999968742,0.2747879999986935
68.959656434,68.960205268,0.5488339999999425,0.16012199999693166
68.959808951,68.960379196,0.5702450000057979,0.021411000005855385
69.065205158,69.065463786,0.25862799999742947,0.31161700000836845
69.158274896,69.158530388,0.2554920000079619,0.003135999989467564
69.260988398,69.261706471,0.7180730000015956,0.46258099999363367
69.260989019,69.261855001,0.8659820000076479,0.14790900000605234
69.363853866,69.36488563,1.0317640000039319,0.16578199999628396
69.462499772,69.46292873,0.4289580000005344,0.6028060000033975
69.462646769,69.463108429,0.4616599999991422,0.03270199999860779
69.564750451,69.56495657,0.206119000011995,0.2555409999871472
69.671053357,69.67132002,0.26666299999078547,0.06054399997879045
69.767727538,69.768357084,0.6295459999989816,0.3628830000081962
69.767876388,69.768506546,0.6301579999927753,0.0006119999937936882
69.86696577,69.867457838,0.492068000014001,0.13808999997877436
69.9674021,69.967967055,0.5649550000015324,0.07288699998753145
69.968910423,69.968991816,0.0813930000020946,0.48356199999943783
70.088727576,70.088992906,0.26533000000483753,0.18393700000274293
70.165160853,70.165397779,0.23692599999947106,0.02840400000536647
70.269042887,70.269766019,0.7231320000045116,0.48620600000504055
70.269043939,70.269873933,0.8299940000000561,0.10686199999554447
70.399707652,70.400223654,0.5160019999976839,0.31399200000237215
70.470422983,70.470817958,0.3949749999918595,0.12102700000582445
70.470566073,70.47090932,0.3432470000035437,0.05172799998831579
70.571960378,70.572156197,0.19581899999820962,0.14742800000533407
70.676964727,70.677274741,0.31001400000718604,0.11419500000897642
70.772831696,70.77286541,0.033713999997075916,0.2763000000101101
70.772983302,70.772991698,0.008395999998356274,0.025317999998719642
70.872162574,70.872197279,0.03470500000446464,0.026309000006108363
72.214922798,72.214964437,0.04163900000264675,0.0069339999981821165
73.743034294,73.743077525,0.04323100000647173,0.0015920000038249782
